,Unnamed: 0
0,LINC01409
1,HES4
2,ISG15
3,TNFRSF4
4,B3GALT6
5,CCNL2
6,MRPL20
7,ATAD3A
8,MMP23B
9,SLC35E2B
10,SLC35E2A
11,SKI
12,MORN1
13,PRXL2B
14,LRRC47
15,DFFB
16,ZBTB48
17,KLHL21
18,PHF13
19,DNAJC11
20,VAMP3
21,RERE
22,H6PD
23,SPSB1
24,CLSTN1
25,CTNNBIP1
26,RBP7
27,UBE4B
28,KIF1B
29,PGD
30,PEX14
31,MTOR
32,FBXO6
33,AGTRAP
34,CLCN6
35,KIAA2013
36,MIIP
37,TNFRSF1B
38,KAZN
39,EFHD2
40,CASP9
41,DNAJC16
42,ZBTB17
43,SPATA21
44,CROCC
45,AL049569.1
46,PADI4
47,IFFO2
48,MICOS10
49,AL031727.2
50,TMCO4
51,CAMK2N1
52,MUL1
53,CDA
54,PINK1
55,EIF4G3
56,ECE1
57,AL031428.1
58,ID3
59,MDS2
60,LYPLA2
61,NCMAP-DT
62,CLIC4
63,RUNX3
64,LDLRAP1
65,MAN1C1
66,SELENON
67,AL020996.1
68,MTFR1L
69,PAQR7
70,STMN1
71,UBXN11
72,SLC9A1
73,WDTC1
74,FGR
75,IFI6
76,STX12
77,THEMIS2
78,EYA3
79,DNAJC8
80,PHACTR4
81,TRNAU1AP
82,LINC01715
83,AL360012.1
84,MATN1
85,TXLNA
86,CCDC28B
87,ZBTB8OS
88,AL020995.1
89,AL513327.1
90,SMIM12
91,ZMYM6
92,ZMYM4
93,KIAA0319L
94,AGO4
95,AGO1
96,STK40
97,CSF3R
98,LINC01137
99,ZC3H12A
100,GNL2
101,C1orf122
102,INPP5B
103,AL139260.1
104,MYCBP
105,PPT1
106,ZMPSTE24
107,AL603839.3
108,NFYC-AS1
109,CTPS1
110,SCMH1
111,HIVEP3
112,ZMYND12
113,CCDC30
114,P3H1
115,MED8
116,SZT2
117,KDM4A-AS1
118,ST3GAL3
119,IPO13
120,ARMH1
121,PTCH2
122,EIF2B3
123,ZSWIM5
124,TOE1
125,AKR1A1
126,IPP
127,MAST2
128,SPATA6
129,AGBL4
130,AC104170.1
131,KTI12
132,BTF3L4
133,ZFYVE9
134,COA7
135,ZYG11B
136,SLC1A7
137,CPT2
138,LRP8
139,NDC1
140,SSBP3
141,DAB1
142,OMA1
143,MYSM1
144,FGGY
145,NFIA
146,TM2D1
147,AC099791.2
148,PATJ
149,ITGB3BP
150,PGM1
151,ROR1
152,CACHD1
153,LEPROT
154,LEPR
155,PDE4B
156,SLC35D1
157,IL12RB2
158,GADD45A
159,LRRC7
160,NEGR1
161,ST6GALNAC3
162,PIGK
163,AK5
164,AC118549.1
165,MIGA1
166,NEXN
167,GIPC2
168,AC103591.3
169,IFI44L
170,IFI44
171,LINC01362
172,LINC01725
173,SPATA1
174,SSX2IP
175,MCOLN2
176,WDR63
177,AL078459.1
178,CLCA4-AS1
179,HS2ST1
180,PKN2-AS1
181,KYAT3
182,GBP1
183,AL596214.1
184,LRRC8C
185,LRRC8D
186,CDC7
187,TGFBR3
188,BTBD8
189,EVI5
190,GCLM
191,ALG14
192,DPYD
193,DPYD-AS1
194,AGL
195,SLC35A3
196,SASS6
197,LRRC39
198,DBT
199,RTCA-AS1
200,CDC14A
201,AC093157.1
202,VAV3
203,VAV3-AS1
204,LINC02785
205,SLC25A24
206,FAM102B
207,KIAA1324
208,SORT1
209,AMPD2
210,LAMTOR5-AS1
211,SLC16A4
212,KCNA3
213,AL360270.1
214,CEPT1
215,INKA2
216,INKA2-AS1
217,RHOC
218,SLC16A1
219,SLC16A1-AS1
220,LRIG2-DT
221,MAGI3
222,PHTF1
223,AL137856.1
224,PTPN22
225,HIPK1-AS1
226,DENND2C
227,SLC22A15
228,ATP1A1-AS1
229,LINC01762
230,CD58
231,CD2
232,AL445231.1
233,WDR3
234,WARS2
235,WARS2-AS1
236,NOTCH2
237,SRGAP2C
238,LINC02798
239,GPR89A
240,CD160
241,PIAS3
242,LIX1L
243,HJV
244,AC239799.2
245,AC245407.2
246,AC242426.2
247,FMO5
248,NBPF19
249,HIST2H2BF
250,HIST2H2AA4
251,AC239868.1
252,MTMR11
253,VPS45
254,C1orf54
255,RPRD2
256,TARS2
257,ADAMTSL4-AS1
258,CTSS
259,ARNT
260,BNIPL
261,C1orf56
262,TNFAIP8L2
263,PIP5K1A
264,RFX5
265,POGZ
266,TUFT1
267,TDRKH-AS1
268,C2CD4D-AS1
269,AL450992.3
270,S100A11
271,S100A9
272,S100A12
273,S100A8
274,S100A6
275,S100A4
276,CHTOP
277,DENND4B
278,ATP8B2
279,IL6R-AS1
280,IL6R
281,SHC1
282,FLAD1
283,FDPS
284,LMNA
285,SEMA4A
286,BGLAP
287,GLMP
288,C1orf61
289,RRNAD1
290,PRCC
291,ARHGEF11
292,ETV3
293,FCRL5
294,FCRL2
295,FCRL1
296,CD1D
297,MNDA
298,PYHIN1
299,FCRL6
300,PEA15
301,PEX19
302,SLAMF6
303,CD84
304,AL121985.1
305,SLAMF7
306,CD244
307,F11R
308,USF1
309,NIT1
310,USP21
311,PPOX
312,FCER1G
313,FCGR2A
314,HSPA6
315,FCGR3A
316,FCGR2B
317,DUSP12
318,ATF6
319,SH2D1B
320,UAP1
321,DDR2
322,AL592435.1
323,CD247
324,CREG1
325,AL031733.2
326,DCAF6
327,XCL2
328,XCL1
329,ATP1B1
330,NME7
331,BLZF1
332,Z99572.1
333,F5
334,C1orf112
335,BX284613.2
336,DNM3
337,AL645568.1
338,KLHL20
339,CENPL
340,ZBTB37
341,RABGAP1L
342,Z99127.1
343,AL591043.2
344,C1orf220
345,RALGPS2
346,ANGPTL1
347,QSOX1
348,GLUL
349,LAMC1
350,SMG7
351,NCF2
352,RGL1
353,TSEN15
354,C1orf21
355,NIBAN1
356,RNF2
357,ODR4
358,PTGS2
359,ERVMER61-1
360,RGS18
361,RGS1
362,AL136454.1
363,RGS2
364,GLRX2
365,LINC01031
366,AL136456.1
367,CFH
368,ZBTB41
369,CRB1
370,DENND1B
371,MIR181A1HG
372,KIF14
373,CAMSAP2
374,IPO9
375,TIMM17A
376,RNPEP
377,ARL8A
378,LGR6
379,PPP1R12B
380,KLHL12
381,ATP2B4
382,AL606489.1
383,PIK3C2B
384,DSTYK
385,AC119673.2
386,SRGAP2
387,C1orf147
388,IL24
389,CR1
390,G0S2
391,RCOR3
392,TRAF5
393,INTS7
394,DTL
395,AL360091.3
396,ATF3
397,BATF3
398,NSL1
399,FLVCR1-DT
400,ANGEL2
401,RPS6KC1
402,CENPF
403,GPATCH2
404,TGFB2
405,LYPLAL1
406,MARC1
407,DUSP10
408,FAM177B
409,AL392172.2
410,AL392172.1
411,DISP1
412,TLR5
413,SUSD4
414,FBXO28
415,CNIH3
416,TMEM63A
417,PYCR2
418,LINC01703
419,SNAP47
420,C1orf35
421,IBA57
422,OBSCN
423,TRIM11
424,HIST3H2A
425,RHOU
426,RAB4A
427,CCSAP
428,TAF5L
429,GALNT2
430,COG2
431,C1orf198
432,C1orf131
433,EXOC8
434,EGLN1
435,AL445524.1
436,DISC1
437,PCNX2
438,COA6-AS1
439,COA6
440,GPR137B
441,EDARADD
442,HEATR1
443,CHRM3
444,RGS7
445,KMO
446,CEP170
447,AKT3
448,AL645465.1
449,CATSPERE
450,DESI2
451,AL356512.1
452,KIF26B
453,SMYD3
454,SCCPDH
455,ZNF669
456,AL390728.6
457,NLRP3
458,SNTG2
459,EIPR1
460,ADI1
461,LINC00299
462,ID2
463,CPSF3
464,IAH1
465,YWHAQ
466,KLF11
467,ODC1-DT
468,ATP6V1C2
469,ROCK2
470,FAM49A
471,SMC6
472,GEN1
473,LINC01376
474,LDAH
475,KLHL29
476,FAM228B
477,NCOA1
478,PTRHD1
479,ADCY3
480,DNAJC27
481,DNMT3A
482,DTNB
483,ASXL2
484,ADGRF3
485,PREB
486,PPM1G
487,SUPT7L
488,BABAM2
489,FOSL2
490,AC092164.1
491,SPDYA
492,CLIP4
493,LCLAT1
494,SPAST
495,SLC30A6
496,TTC27
497,RASGRP3
498,FAM98A
499,CRIM1
500,FEZ2
501,HEATR5B
502,GPATCH11
503,AC006369.1
504,CDC42EP3
505,CYP1B1
506,CYP1B1-AS1
507,HNRNPLL
508,GALM
509,DHX57
510,MAP4K3
511,SLC8A1
512,MTA3
513,ZFP36L2
514,THADA
515,SLC3A1
516,CAMKMT
517,SRBD1
518,PRKCE
519,RHOQ
520,AC018682.1
521,LINC01118
522,MCFD2
523,MSH2
524,MSH6
525,FBXO11
526,AC079807.1
527,AC092650.1
528,AC010967.1
529,ACYP2
530,CCDC88A
531,AC132153.1
532,VRK2
533,AC007381.1
534,BCL11A
535,PAPOLG
536,PEX13
537,COMMD1
538,AC018462.1
539,B3GNT2
540,EHBP1
541,WDPCP
542,VPS54
543,PELI1
544,LINC02245
545,SPRED2
546,PNO1
547,PPP3R1
548,AC017083.1
549,PLEK
550,ARHGAP25
551,ANXA4
552,PCBP1-AS1
553,PCYOX1
554,ADD2
555,TEX261
556,NAGK
557,DYSF
558,EXOC6B
559,SMYD5
560,FBXO41
561,ALMS1
562,DUSP11
563,DGUOK-AS1
564,TET3
565,AC073263.2
566,SLC4A5
567,C2orf81
568,WDR54
569,AUP1
570,HTRA2
571,HK2
572,TACR1
573,MRPL19
574,GCFC2
575,KCMF1
576,CAPG
577,GNLY
578,POLR1A
579,RMND5A
580,CD8A
581,CD8B
582,LINC01943
583,CYTOR
584,RGPD2
585,KRCC1
586,EIF2AK3
587,RPIA
588,IGKC
589,MRPS5
590,LINC00342
591,ASTL
592,DUSP2
593,STARD7
594,TMEM127
595,AC013270.1
596,C2orf92
597,TMEM131
598,UNC50
599,LINC02611
600,AC079447.1
601,MITD1
602,TXNDC9
603,AFF3
604,TBC1D8
605,IL1R1
606,IL18R1
607,IL18RAP
608,TMEM182
609,C2orf49
610,LIMS1
611,CCDC138
612,SH3RF3
613,NPHP1
614,MTLN
615,BUB1
616,MIR4435-2HG
617,BCL2L11
618,ANAPC1
619,AC092645.2
620,ZC3H6
621,CHCHD5
622,IL1B
623,PSD4
624,PAX8-AS1
625,PAX8
626,CBWD2
627,AC009303.2
628,EPB41L5
629,RALB
630,AC012447.1
631,NIFK
632,AC011246.1
633,IWS1
634,SFT2D3
635,POLR2D
636,SAP130
637,UGGT1
638,ARHGEF4
639,MGAT5
640,TMEM163
641,ZRANB3
642,MCM6
643,DARS-AS1
644,AC114763.1
645,KYNU
646,GTDC1
647,ZEB2
648,MBD5
649,KIF5C
650,RBM43
651,RIF1
652,AC097448.1
653,CACNB4
654,STAM2
655,FMNL2
656,ARL6IP6
657,LINC01876
658,AC074099.1
659,GPD2
660,ACVR1C
661,ACVR1
662,WDSUB1
663,CD302
664,LY75
665,AC009313.1
666,TANK
667,LINC01806
668,PSMD14
669,SLC4A10
670,IFIH1
671,GCA
672,COBLL1
673,AC019197.1
674,SLC38A11
675,SCN3A
676,TTC21B
677,STK39
678,CERS6
679,CCDC173
680,PHOSPHO2
681,KLHL23
682,MYO3B
683,METTL8
684,DYNC1I2
685,HAT1
686,METAP1D
687,ITGA6-AS1
688,RAPGEF4
689,MAP3K20
690,SCRN3
691,GPR155
692,AC010894.3
693,CHN1
694,AC079305.3
695,AC079305.1
696,AGPS
697,CHROMR
698,PJVK
699,TTN
700,CCDC141
701,SESTD1
702,CWC22
703,LINC01934
704,ITPRID2
705,DNAJC10
706,AC021851.1
707,AC021851.2
708,ZNF804A
709,AC009315.1
710,LINC01473
711,ITGAV
712,ANKAR
713,OSGEPL1-AS1
714,HIBCH
715,AC006460.2
716,NAB1
717,AC006460.1
718,STAT1
719,STAT4
720,AC067945.4
721,HECW2
722,PGAP1
723,AC013264.1
724,ANKRD44-IT1
725,AC011997.1
726,PLCL1
727,FTCDNL1
728,TYW5
729,MAIP1
730,PPIL3
731,AC005037.1
732,CASP10
733,BMPR2
734,FAM117B
735,ICA1L
736,WDR12
737,RAPH1
738,CD28
739,CTLA4
740,ICOS
741,PARD3B
742,AC007383.2
743,ZDBF2
744,ADAM23
745,AC008269.1
746,AC007879.3
747,AC009226.1
748,LINC01857
749,RPE
750,AC093865.1
751,IKZF2
752,LINC01953
753,SPAG16
754,AC068051.1
755,SNHG31
756,SMARCAL1
757,DIRC3
758,AAMP
759,PNKD
760,SLC11A1
761,CTDSP1
762,USP37
763,ZNF142
764,TTLL4
765,CYP27A1
766,NHEJ1
767,ABCB6
768,ATG9A
769,STK16
770,DNAJB2
771,GMPPA
772,CHPF
773,EPHA4
774,SGPP2
775,ACSL3
776,WDFY1
777,RHBDD1
778,AGFG1
779,CCL20
780,PID1
781,AC009950.1
782,AC010149.1
783,PSMD1
784,NMUR1
785,PDE6D
786,TIGD1
787,INPP5D
788,USP40
789,AGAP1
790,SNED1
791,AC005237.1
792,FARP2
793,THAP4
794,LINC01237
795,CHL1
796,AC034195.1
797,SUMF1
798,ITPR1
799,AC018816.1
800,BHLHE40
801,MTMR14
802,OGG1
803,CAMK1
804,IL17RC
805,FANCD2
806,TATDN2
807,GHRL
808,SEC13
809,TAMM41
810,PPARG
811,MKRN2
812,HDAC11
813,SLC6A6
814,NR2C2
815,EAF1
816,EAF1-AS1
817,COLQ
818,HACL1
819,ANKRD28
820,AC090945.1
821,DPH3
822,AC090644.1
823,TBC1D5
824,KCNH8
825,AC061958.1
826,PP2D1
827,KAT2B
828,SGO1-AS1
829,UBE2E2
830,NKIRAS1
831,EOMES
832,CMC1
833,RBMS3
834,OSBPL10
835,OSBPL10-AS1
836,GLB1
837,CRTAP
838,LINC01811
839,MLH1
840,LRRFIP2
841,ACAA1
842,MYD88
843,EXOG
844,SCN11A
845,TTC21A
846,MYRIP
847,ZNF620
848,ULK4
849,TRAK1
850,AC006059.1
851,ANO10
852,ABHD5
853,TCAIM
854,ZKSCAN7-AS1
855,TMEM42
856,CDCP1
857,LARS2
858,LIMD1
859,LIMD1-AS1
860,LZTFL1
861,CCR1
862,NBEAL2
863,KIF9-AS1
864,NME6
865,SHISA5
866,PRKAR2A
867,P4HTM
868,USP19
869,CCDC71
870,APEH
871,MST1
872,RNF123
873,UBA7
874,RBM5
875,NAA80
876,NPRL2
877,CYB561D2
878,MAPKAPK3
879,DOCK3
880,RAD54L2
881,TEX264
882,ABHD14A
883,ALAS1
884,PPM1M
885,DNAH1
886,BAP1
887,PHF7
888,NISCH
889,NEK4
890,ITIH4
891,SFMBT1
892,RFT1
893,PRKCD
894,TKT
895,CACNA1D
896,ARHGEF3
897,DENND6A-AS1
898,SLMAP
899,FLNB
900,PXK
901,AC135507.1
902,FHIT
903,PSMD6
904,LRIG1
905,TAFA1
906,UBA3
907,FRMD4B
908,FOXP1-AS1
909,FOXP1-IT1
910,EIF4E3
911,ROBO1
912,NSUN3
913,ARL6
914,CRYBG3
915,ST3GAL6
916,DCBLD2
917,CMSS1
918,FILIP1L
919,AC084198.2
920,CEP97
921,NFKBIZ
922,ALCAM
923,CBLB
924,DZIP3
925,NECTIN3
926,CD96
927,PLCXD2
928,PHLDB2
929,GCSAM
930,SLC9C1
931,CFAP44
932,ATP6V1A
933,GRAMD1C
934,AC093010.2
935,ZNF80
936,TIGIT
937,ZBTB20-AS5
938,AC026341.1
939,AC068633.1
940,IGSF11
941,ARHGAP31
942,TMEM39A
943,CD80
944,POPDC2
945,LRRC58
946,IQCB1
947,CD86
948,CSTA
949,SLC49A4
950,SEC22A
951,HACD2
952,SNX4
953,LINC02614
954,MGLL
955,SEC61A1
956,EEFSEC
957,RPN1
958,AC108673.3
959,COPG1
960,H1FX
961,EFCAB12
962,PLXND1
963,ALG1L2
964,PIK3R4
965,ATP2C1
966,ASTE1
967,NEK11
968,DNAJC13
969,ACAD11
970,NPHP3
971,BFSP2
972,TOPBP1
973,PPP2R3A
974,NCK1-DT
975,NME9
976,CEP70
977,PIK3CB
978,AC046134.2
979,TFDP2
980,GK5
981,ATR
982,CHST2
983,SLC9A9
984,DIPK2A
985,PLSCR1
986,GYG1
987,HLTF
988,WWTR1
989,COMMD2
990,ANKUB1
991,PFN2
992,P2RY14
993,RAP2B
994,C3orf33
995,AC104472.4
996,GMPS
997,AC091607.2
998,LINC02029
999,AC092944.1
1000,PTX3
1001,RSRC1
1002,AC106707.1
1003,MLF1
1004,GFM1
1005,LXN
1006,MFSD1
1007,SMC4
1008,PPM1L
1009,LINC01322
1010,GPR160
1011,PRKCI
1012,TNIK
1013,PLD1
1014,FNDC3B
1015,NCEH1
1016,NAALADL2
1017,KCNMB2-AS1
1018,PIK3CA
1019,GNB4
1020,USP13
1021,SOX2-OT
1022,MCCC1
1023,LAMP3
1024,MCF2L2
1025,B3GNT5
1026,KLHL6
1027,ABCF3
1028,EIF4G1
1029,POLR2H
1030,VPS8
1031,IGF2BP2
1032,DGKG
1033,ST6GAL1
1034,BCL6
1035,LPP
1036,TPRG1
1037,IL1RAP
1038,OPA1-AS1
1039,HES1
1040,ATP13A3
1041,LINC00884
1042,TMEM44-AS1
1043,LSG1
1044,ACAP2
1045,TCTEX1D2
1046,PIGX
1047,CEP19
1048,NCBP2AS2
1049,DLG1
1050,AC024560.5
1051,LMLN
1052,ZNF718
1053,AC092574.2
1054,PIGG
1055,SLC49A3
1056,PCGF3
1057,AC139887.2
1058,IDUA
1059,SPON2
1060,CTBP1
1061,UVSSA
1062,AC147067.1
1063,FAM53A
1064,TMEM129
1065,LETM1
1066,NSD2
1067,C4orf48
1068,MXD4
1069,ZFYVE28
1070,FAM193A
1071,SH3BP2
1072,NOP14-AS1
1073,NOP14
1074,RGS12
1075,TMEM128
1076,LYAR
1077,STX18
1078,S100P
1079,MRFAP1L1
1080,CCDC96
1081,SORCS2
1082,SH3TC1
1083,TRMT44
1084,AC005674.2
1085,CLNK
1086,HS3ST1
1087,AC006230.1
1088,AC005699.1
1089,RAB28
1090,LINC00504
1091,CPEB2
1092,AC098829.1
1093,CC2D2A
1094,BST1
1095,CD38
1096,FGFBP2
1097,LDB2
1098,LAP3
1099,AC006160.1
1100,FAM184B
1101,LCORL
1102,AC024230.1
1103,PI4K2B
1104,ZCCHC4
1105,SEL1L3
1106,RBPJ
1107,TBC1D19
1108,DTHD1
1109,PGM2
1110,TBC1D1
1111,KLF3-AS1
1112,TLR1
1113,TLR6
1114,TMEM156
1115,KLHL5
1116,AC079921.1
1117,WDR19
1118,UGDH
1119,SMIM14
1120,AC108471.2
1121,N4BP2
1122,LINC02265
1123,RBM47
1124,NSUN7
1125,BEND4
1126,ATP8A1
1127,ATP10D
1128,TXK
1129,TEC
1130,DCUN1D4
1131,SCFD2
1132,CLOCK
1133,EXOC1
1134,CEP135
1135,HOPX
1136,IGFBP7
1137,ADGRL3-AS1
1138,STAP1
1139,UBA6-AS1
1140,JCHAIN
1141,AC009570.1
1142,RUFY3
1143,GRSF1
1144,MOB1B
1145,AC053527.2
1146,CXCL8
1147,MTHFD2L
1148,EREG
1149,AREG
1150,PARM1
1151,RCHY1
1152,THAP6
1153,CDKL2
1154,USO1
1155,NAAA
1156,CXCL10
1157,SCARB2
1158,CCNG2
1159,MRPL1
1160,BMP2K
1161,LINC01088
1162,CFAP299
1163,PRKG2
1164,SCD5
1165,THAP9-AS1
1166,LIN54
1167,COQ2
1168,HPSE
1169,MRPS18C
1170,ABRAXAS1
1171,GPAT3
1172,ARHGAP24
1173,MAPK10
1174,PTPN13
1175,NUDT9
1176,PKD2
1177,HERC3
1178,FAM13A
1179,GPRIN3
1180,SNCA
1181,CCSER1
1182,GRID2
1183,SMARCAD1
1184,PDLIM5
1185,STPG2
1186,RAP1GDS1
1187,TSPAN5
1188,METAP1
1189,AP002026.1
1190,DAPP1
1191,PPP3CA
1192,BANK1
1193,AP002075.1
1194,SLC39A8
1195,NFKB1
1196,AC018797.3
1197,SLC9B1
1198,SLC9B2
1199,CENPE
1200,TET2
1201,ARHGEF38
1202,INTS12
1203,GSTCD
1204,AC096564.1
1205,HADH
1206,LEF1
1207,RPL34-AS1
1208,SEC24B-AS1
1209,TIFA
1210,ALPK1
1211,CAMK2D
1212,UGT8
1213,SEC24D
1214,PDE5A
1215,MAD2L1
1216,TNIP3
1217,ANXA5
1218,CCNA2
1219,BBS7
1220,SPATA5
1221,ANKRD50
1222,MFSD8
1223,LINC02615
1224,JADE1
1225,SCLT1
1226,SLC7A11
1227,NOCT
1228,AC097376.3
1229,MGST2
1230,MAML3
1231,ELMOD2
1232,TBC1D9
1233,LINC02432
1234,IL15
1235,INPP4B
1236,AC139720.1
1237,AC104596.1
1238,GAB1
1239,AC107223.1
1240,ANAPC10
1241,ABCE1
1242,TMEM184C
1243,ARHGAP10
1244,NR3C2
1245,AC002460.2
1246,DCLK2
1247,SH3D19
1248,AC095055.1
1249,FAM160A1
1250,FBXW7
1251,AC023424.3
1252,TMEM131L
1253,AC106865.2
1254,TLR2
1255,RNF175
1256,GUCY1A1
1257,GASK1B
1258,PPID
1259,FNIP2
1260,RAPGEF2
1261,MARCH1
1262,TMEM192
1263,KLHL2
1264,MSMO1
1265,DDX60
1266,DDX60L
1267,CBR4
1268,HPF1
1269,GALNTL6
1270,GALNT7
1271,HPGD
1272,GPM6A
1273,SPCS3
1274,DCTD
1275,ACSL1
1276,MIR3945HG
1277,SLC25A4
1278,C4orf47
1279,SORBS2
1280,CYP4V2
1281,FRG1
1282,LPCAT1
1283,MRPL36
1284,NSUN2
1285,SRD5A1
1286,TENT4A
1287,MTRR
1288,MIR4458HG
1289,CCT5
1290,ANKRD33B
1291,TRIO
1292,BASP1
1293,LINC02100
1294,LINC02241
1295,C5orf17
1296,AC008825.1
1297,LINC02109
1298,DROSHA
1299,C5orf22
1300,PDZD2
1301,MTMR12
1302,TARS
1303,C1QTNF3
1304,LMBRD2
1305,CPLANE1
1306,NUP155
1307,WDR70
1308,DAB2
1309,TTC33
1310,PTGER4
1311,C5orf51
1312,CCDC152
1313,AC025171.2
1314,TMEM267
1315,PARP8
1316,ARL15
1317,LINC01033
1318,SNX18
1319,GZMK
1320,GZMA
1321,SLC38A9
1322,MAP3K1
1323,AC008937.2
1324,GAPT
1325,PDE4D
1326,AC092343.1
1327,NDUFAF2
1328,SMIM15-AS1
1329,ZSWIM6
1330,CENPK
1331,AC112206.2
1332,AC106798.1
1333,AC146944.4
1334,SMN1
1335,NAIP
1336,GTF2H2
1337,MRPS27
1338,FCHO2
1339,HEXB
1340,GFM2
1341,FAM169A
1342,AC116337.3
1343,GCNT4
1344,HMGCR
1345,POC5
1346,IQGAP2
1347,F2R
1348,SCAMP1
1349,ARSB
1350,HOMER1
1351,SERINC5
1352,ZFYVE16
1353,AC008771.1
1354,RASGRF2
1355,ZCCHC9
1356,SSBP2
1357,ATG10
1358,XRCC4
1359,VCAN
1360,CCNH
1361,AC018754.1
1362,TMEM161B
1363,TMEM161B-AS1
1364,MEF2C
1365,MEF2C-AS1
1366,LUCAT1
1367,KIAA0825
1368,MCTP1
1369,TTC37
1370,GLRX
1371,ELL2
1372,AC104123.1
1373,LIX1-AS1
1374,LIX1
1375,LINC01340
1376,LINC02234
1377,LINC02062
1378,SLCO4C1
1379,PAM
1380,EFNA5
1381,FBXL17
1382,AC008462.1
1383,FER
1384,AC008467.1
1385,CAMK4
1386,AC010275.1
1387,STARD4-AS1
1388,EPB41L4A
1389,APC
1390,MCC
1391,AC010226.1
1392,AP3S1
1393,COMMD10
1394,DMXL1
1395,ZNF608
1396,LINC02240
1397,AC093535.1
1398,LMNB1-DT
1399,LMNB1
1400,MARCH3
1401,PRRC1
1402,LINC01184
1403,ISOC1
1404,CDC42SE2
1405,RAPGEF6
1406,FNIP1
1407,MEIKIN
1408,SLC22A4
1409,C5orf15
1410,CDKL3
1411,CDKN2AIPNL
1412,AC005355.1
1413,SEC24A
1414,C5orf24
1415,TGFBI
1416,KLHL3
1417,AC106791.1
1418,FAM13B
1419,BRD8
1420,CDC23
1421,EGR1
1422,CTNNA1
1423,AC011405.1
1424,AC135457.1
1425,DNAJC18
1426,NRG2
1427,PFDN1
1428,HBEGF
1429,AC008438.1
1430,APBB3
1431,CD14
1432,WDR55
1433,ZMAT2
1434,AC008781.2
1435,HDAC3
1436,RELL2
1437,FCHSD1
1438,DELE1
1439,ARHGAP26
1440,KCTD16
1441,PRELID2
1442,LARS
1443,PPP2R2B
1444,JAKMIP2
1445,FBXO38
1446,ADRB2
1447,ARHGEF37
1448,SLC26A2
1449,CSF1R
1450,TCOF1
1451,CD74
1452,IRGM
1453,GM2A
1454,ATOX1
1455,GALNT10
1456,SAP30L-AS1
1457,FAXDC2
1458,SGCD
1459,HAVCR1
1460,HAVCR2
1461,AC010609.1
1462,ADAM19
1463,EBF1
1464,PTTG1
1465,AC113414.1
1466,PANK3
1467,INSYN2B
1468,LCP2
1469,STK10
1470,UBTD2
1471,AC022217.2
1472,RPL26L1
1473,BNIP1
1474,CPEB4
1475,SFXN1
1476,HRH2
1477,FAM153B
1478,SIMC1
1479,KIAA1191
1480,RAB24
1481,PRELID1
1482,PRR7
1483,DOK3
1484,B4GALT7
1485,AC139795.2
1486,FAM153A
1487,FAM153CP
1488,AC136604.2
1489,MRNIP
1490,RNF130
1491,MAPK9
1492,MGAT1
1493,LINC00847
1494,TRIM41
1495,AL365272.1
1496,AL357054.4
1497,GMDS
1498,GMDS-DT
1499,SERPINB1
1500,BPHL
1501,TUBB2A
1502,PSMG4
1503,SLC22A23
1504,AL033523.1
1505,LY86
1506,RIOK1
1507,BLOC1S5
1508,SLC35B3
1509,HULC
1510,GCNT2
1511,TMEM14C
1512,AL139807.1
1513,NEDD9
1514,TMEM170B
1515,PHACTR1
1516,TBC1D7
1517,GFOD1
1518,SIRT5
1519,CD83
1520,AL133259.1
1521,JARID2
1522,ATXN1
1523,KIF13A
1524,KDM1B
1525,RNF144B
1526,MBOAT1
1527,E2F3
1528,CDKAL1
1529,AL513188.1
1530,SOX4
1531,ACOT13
1532,LINC02828
1533,CARMIL1
1534,HIST1H3A
1535,HIST1H2BB
1536,HFE
1537,HIST1H2AC
1538,HIST1H2BD
1539,AL353759.1
1540,HIST1H2BE
1541,HIST1H2BF
1542,HIST1H4E
1543,HIST1H2AE
1544,BTN2A1
1545,HIST1H2BJ
1546,HIST1H4I
1547,HIST1H2BK
1548,ZNF391
1549,AL021918.5
1550,HIST1H2BN
1551,HIST1H2AL
1552,HIST1H1B
1553,HIST1H3I
1554,ZSCAN16-AS1
1555,AL121944.1
1556,ZNF165
1557,TRIM27
1558,GABBR1
1559,HCG17
1560,HCG18
1561,RPP21
1562,PRR3
1563,DHX16
1564,PPP1R18
1565,MDC1
1566,IER3
1567,GTF2H4
1568,VARS2
1569,LTA
1570,TNF
1571,LST1
1572,NCR3
1573,AIF1
1574,APOM
1575,LY6G5B
1576,ABHD16A
1577,DDAH2
1578,CLIC1
1579,MSH5
1580,VARS
1581,HSPA1A
1582,HSPA1B
1583,NEU1
1584,STK19
1585,AGPAT1
1586,AGER
1587,TSBP1-AS1
1588,HLA-DRA
1589,HLA-DRB5
1590,HLA-DRB1
1591,HLA-DQA1
1592,HLA-DQB1
1593,HLA-DQA2
1594,TAP2
1595,HLA-DMB
1596,HLA-DMA
1597,HLA-DPA1
1598,HLA-DPB1
1599,RXRB
1600,SLC39A7
1601,VPS52
1602,B3GALT4
1603,SYNGAP1
1604,LEMD2
1605,AL354740.1
1606,RPS10-NUDT3
1607,AL451165.2
1608,ANKS1A
1609,FANCE
1610,FKBP5
1611,SRPK1
1612,MAPK13
1613,Z84485.1
1614,BRPF3
1615,CDKN1A
1616,PPIL1
1617,FGD2
1618,TBC1D22B
1619,RNF8
1620,AL121574.1
1621,ZFAND3
1622,BTBD9
1623,OARD1
1624,TREM1
1625,BYSL
1626,GUCA1B
1627,TRERF1
1628,AL035587.2
1629,PEX6
1630,SRF
1631,MRPS18A
1632,VEGFA
1633,SLC35B2
1634,NFKBIE
1635,RUNX2
1636,MMUT
1637,ICK
1638,FBXO9
1639,ELOVL5
1640,GCLC
1641,KIAA1586
1642,PRIM2
1643,KHDRBS2
1644,EYS
1645,COL19A1
1646,AL160262.1
1647,FAM135A
1648,SDHAF4
1649,KCNQ5
1650,OOEP
1651,CGAS
1652,MTO1
1653,SLC17A5
1654,CD109
1655,MYO6
1656,IRAK1BP1
1657,BCKDHB
1658,TENT5A
1659,UBE3D
1660,ME1
1661,SNX14
1662,SMIM8
1663,SLC35A1
1664,AL353135.1
1665,LYRM2
1666,MDN1
1667,BACH2
1668,AL132996.1
1669,MANEA
1670,UFL1-AS1
1671,KLHL32
1672,FBXL4
1673,TSTD3
1674,PREP
1675,AL096794.1
1676,PRDM1
1677,RTN4IP1
1678,CD24
1679,PDSS2
1680,SCML4
1681,AFG1L
1682,FOXO3
1683,ARMC2
1684,CEP57L1
1685,PPIL6
1686,CDC40
1687,CDK19
1688,GTF3C6
1689,RPF2
1690,SLC16A10
1691,MFSD4B
1692,TRAF3IP2
1693,FAM229B
1694,MARCKS
1695,CALHM6
1696,Z99496.2
1697,MCM9
1698,MAN1A1
1699,TBC1D32
1700,PKIB
1701,NCOA7
1702,NCOA7-AS1
1703,HINT3
1704,TRMT11
1705,CENPW
1706,RNF146
1707,ECHDC1
1708,THEMIS
1709,PTPRK
1710,SAMD3
1711,EPB41L2
1712,MOXD1
1713,VNN2
1714,SLC18B1
1715,SGK1
1716,LINC01010
1717,AHI1
1718,LINC00271
1719,PDE7B
1720,MAP3K5
1721,AL024508.1
1722,AL121933.2
1723,PEX7
1724,TNFAIP3
1725,AL591468.2
1726,HEBP2
1727,GVQW2
1728,TXLNB
1729,AL592429.2
1730,VTA1
1731,ADAT2
1732,PEX3
1733,FUCA2
1734,PHACTR2
1735,STX11
1736,EPM2A
1737,AL356599.1
1738,SHPRH
1739,RAB32
1740,STXBP5-AS1
1741,STXBP5
1742,UST
1743,ZC3H12D
1744,KATNA1
1745,NUP43
1746,PCMT1
1747,PLEKHG1
1748,AL450344.3
1749,MTHFD1L
1750,ZBTB2
1751,ARMT1
1752,ESR1
1753,SYNE1
1754,MTRF1L
1755,OPRM1
1756,NOX3
1757,AL589693.1
1758,ZDHHC14
1759,SNX9
1760,AL035634.1
1761,TMEM181
1762,SYTL3
1763,RSPH3
1764,AL035530.2
1765,AL356417.3
1766,SOD2
1767,IGF2R
1768,MAP3K4
1769,AGPAT4
1770,PRKN
1771,QKI
1772,SFT2D1
1773,RPS6KA2
1774,Z94721.1
1775,FGFR1OP
1776,CCR6
1777,WDR27
1778,AL354892.1
1779,FAM20C
1780,AC147651.4
1781,ADAP1
1782,ZFAND2A
1783,MAFK
1784,PSMG3
1785,PSMG3-AS1
1786,MAD1L1
1787,MRM2
1788,SNX8
1789,CHST12
1790,BRAT1
1791,TTYH3
1792,AMZ1
1793,GNA12
1794,SDK1
1795,ACTB
1796,AIMP2
1797,RAC1
1798,DAGLB
1799,ZNF316
1800,AC073343.2
1801,ZNF12
1802,UMAD1
1803,GLCCI1
1804,AC011287.1
1805,CRPPA
1806,ANKMY2
1807,BZW2
1808,AHR
1809,HDAC9
1810,AC005062.1
1811,MACC1
1812,RAPGEF5
1813,STEAP1B
1814,IL6
1815,FAM126A
1816,MALSU1
1817,FAM221A
1818,MPP6
1819,GSDME
1820,OSBPL3
1821,NFE2L3
1822,SNX10
1823,SKAP2
1824,HOTAIRM1
1825,HIBADH
1826,JAZF1
1827,JAZF1-AS1
1828,CREB5
1829,CPVL
1830,CHN2
1831,FKBP14
1832,MTURN
1833,LINC01176
1834,GARS-DT
1835,AVL9
1836,AC018647.1
1837,EEPD1
1838,AOAH
1839,ELMO1-AS1
1840,EPDR1
1841,TRGC2
1842,TRGC1
1843,VPS41
1844,LINC00265
1845,SUGCT
1846,C7orf25
1847,BLVRA
1848,AC004847.1
1849,TBRG4
1850,IGFBP3
1851,AC073115.2
1852,TNS3
1853,HUS1
1854,PHKG1
1855,ZNF273
1856,ASL
1857,TPST1
1858,AC006001.2
1859,AUTS2
1860,CALN1
1861,TYW1B
1862,TBL2
1863,DNAJC30
1864,STX1A
1865,LAT2
1866,CASTOR2
1867,RCC1L
1868,GTF2IRD2B
1869,HIP1
1870,POR
1871,TMEM120A
1872,HSPB1
1873,CCDC146
1874,FGL2
1875,GSAP
1876,PTPN12
1877,APTR
1878,TMEM60
1879,MAGI2
1880,GNAI1
1881,CD36
1882,SEMA3A
1883,ABCB4
1884,ABCB1
1885,ADAM22
1886,CDK14
1887,MTERF1
1888,KRIT1
1889,ANKIB1
1890,GATAD1
1891,PEX1
1892,RBM48
1893,SAMD9L
1894,BET1
1895,PEG10
1896,PPP1R9A
1897,AC002429.2
1898,SEM1
1899,BRI3
1900,TRRAP
1901,CPSF4
1902,ZKSCAN5
1903,ZSCAN25
1904,ZNF3
1905,MCM7
1906,CASTOR3
1907,SPDYE3
1908,PILRA
1909,PPP1R35
1910,AGFG2
1911,PCOLCE
1912,MOSPD3
1913,TRIP6
1914,SERPINE1
1915,AP1S1
1916,PLOD3
1917,CLDN15
1918,ORAI2
1919,EFCAB10
1920,ATXN7L1
1921,CDHR3
1922,NAMPT
1923,AC007032.1
1924,PIK3CG
1925,PRKAR2B
1926,DUS4L
1927,NRCAM
1928,IMMP2L
1929,LRRN3
1930,DOCK4
1931,TMEM168
1932,BMT2
1933,SMIM30
1934,TFEC
1935,CAPZA2
1936,ST7
1937,ING3
1938,CPED1
1939,FAM3C
1940,AASS
1941,AC006333.2
1942,POT1-AS1
1943,IMPDH1
1944,METTL2B
1945,IRF5
1946,AHCYL2
1947,ZC3HC1
1948,KLHDC10
1949,COPG2
1950,AC016831.7
1951,LINC00513
1952,AC016831.5
1953,AC058791.1
1954,MKLN1
1955,PLXNA4
1956,EXOC4
1957,LRGUK
1958,BPGM
1959,AGBL3
1960,TMEM140
1961,NUP205
1962,AC078845.1
1963,CREB3L2
1964,ZC3HAV1
1965,UBN2
1966,TBXAS1
1967,DENND2A
1968,BRAF
1969,WEE2-AS1
1970,TRBV14
1971,TRBC1
1972,EPHB6
1973,AC073342.1
1974,ZYX
1975,TPK1
1976,CNTNAP2
1977,EZH2
1978,AC073140.1
1979,PDIA4
1980,ZNF398
1981,ZNF862
1982,GIMAP6
1983,TMEM176B
1984,TMEM176A
1985,ABCB8
1986,AGAP3
1987,ABCF2
1988,SMARCD3
1989,WDR86
1990,PRKAG2
1991,GALNT11
1992,PAXIP1
1993,AC009403.1
1994,PTPRN2
1995,NCAPG2
1996,VIPR2
1997,AC004908.2
1998,ERICH1
1999,MYOM2
2000,ANGPT2
2001,PRAG1
2002,AC034111.1
2003,MSRA
2004,PINX1
2005,MTMR9
2006,BLK
2007,CTSB
2008,AC068587.4
2009,MTUS1
2010,ASAH1
2011,PSD3
2012,CSGALNACT1
2013,ATP6V1B2
2014,GFRA2
2015,XPO7
2016,DMTN
2017,REEP4
2018,BIN3
2019,EGR3
2020,TNFRSF10D
2021,SLC25A37
2022,ADAM28
2023,AC120193.1
2024,DOCK5
2025,CDCA2
2026,DPYSL2
2027,TRIM35
2028,PTK2B
2029,NUGGC
2030,ELP3
2031,AC021678.2
2032,INTS9
2033,DUSP4
2034,GSR
2035,TTI2
2036,MAK16
2037,RNF122
2038,ZNF703
2039,PLPBP
2040,RAB11FIP1
2041,EIF4EBP1
2042,ASH2L
2043,BAG4
2044,AC084024.4
2045,LETM2
2046,FGFR1
2047,PLEKHA2
2048,AC108863.2
2049,ADAM9
2050,AP3M2
2051,PLAT
2052,AC090739.1
2053,SMIM19
2054,SPIDR
2055,CEBPD
2056,MCM4
2057,AC064807.1
2058,TMEM68
2059,LYN
2060,TOX
2061,LINC01301
2062,AC068389.3
2063,CHD7
2064,CLVS1
2065,ASPH
2066,MTFR1
2067,AC009879.4
2068,ADHFE1
2069,MYBL1
2070,CSPP1
2071,LACTB2-AS1
2072,LACTB2
2073,XKR9
2074,MSC-AS1
2075,TERF1
2076,STAU2
2077,AC027018.1
2078,LY96
2079,AC087672.2
2080,GDAP1
2081,PKIA-AS1
2082,TPD52
2083,FABP5
2084,SNX16
2085,CA13
2086,CA2
2087,RMDN1
2088,CPNE3
2089,AF117829.1
2090,RIPK2
2091,NBN
2092,OTUD6B
2093,TRIQK
2094,TMEM67
2095,VIRMA
2096,DPY19L4
2097,TP53INP1
2098,C8orf37-AS1
2099,SDC2
2100,CPQ
2101,POP1
2102,NIPAL2
2103,STK3
2104,VPS13B-DT
2105,SPAG1
2106,RNF19A
2107,AP003472.1
2108,NCALD
2109,KLF10
2110,AZIN1-AS1
2111,ATP6V1C1
2112,SLC25A32
2113,AC090579.1
2114,EXT1
2115,SAMD12
2116,ENPP2
2117,AP005717.2
2118,MRPL13
2119,MTBP
2120,SNTB1
2121,AC104958.2
2122,AC104316.1
2123,TBC1D31
2124,C8orf76
2125,ZHX1
2126,ATAD2
2127,FBXO32
2128,FAM91A1
2129,MTSS1
2130,SQLE
2131,TRIB1
2132,AC016074.2
2133,PCAT1
2134,CASC19
2135,PRNCR1
2136,MYC
2137,AC131568.1
2138,ASAP1
2139,EFR3A
2140,TG
2141,SLA
2142,NDRG1
2143,ZFAT
2144,LINC02055
2145,TRAPPC9
2146,DENND3
2147,AC040970.1
2148,TSNARE1
2149,THEM6
2150,GLI4
2151,ZC3H3
2152,NAPRT
2153,ZNF623
2154,PLEC
2155,GRINA
2156,SLC52A2
2157,KIFC2
2158,LRRC14
2159,ZNF251
2160,ZNF7
2161,ZNF16
2162,WASHC1
2163,DOCK8-AS1
2164,KANK1
2165,RFX3
2166,GLIS3
2167,CDC37L1-DT
2168,AK3
2169,RCL1
2170,JAK2
2171,AL162253.2
2172,RANBP6
2173,AL133480.1
2174,AL354707.1
2175,ZDHHC21
2176,TTC39B
2177,SNAPC3
2178,BNC2
2179,PLIN2
2180,MLLT3
2181,FOCAD
2182,HACD4
2183,MTAP
2184,CAAP1
2185,IFT74
2186,MOB3B
2187,LINGO2
2188,DDX58
2189,BAG1
2190,AQP3
2191,UBE2R2-AS1
2192,UBAP2
2193,NUDT2
2194,FAM219A
2195,RPP25L
2196,RUSC2
2197,CD72
2198,GBA2
2199,MSMP
2200,TMEM8B
2201,GLIPR2
2202,GNE
2203,PAX5
2204,AL161781.2
2205,ZCCHC7
2206,ZBTB5
2207,DCAF10
2208,FAM201A
2209,AL161457.2
2210,PIP5K1B
2211,FAM122A
2212,PTAR1
2213,AL162390.1
2214,CEMIP2
2215,LINC01504
2216,ANXA1
2217,CARNMT1
2218,PCSK5
2219,RFK
2220,GNAQ
2221,CEP78
2222,TLE1
2223,FRMD3
2224,KIF27
2225,AGTPBP1
2226,GOLM1
2227,C9orf153
2228,DAPK1
2229,CTSL
2230,GADD45G
2231,SYK
2232,AUH
2233,NFIL3
2234,IARS
2235,CENPP
2236,OGN
2237,OMD
2238,BICD2
2239,CARD19
2240,NINJ1
2241,AL158152.1
2242,MFSD14B
2243,FBP1
2244,AOPEP
2245,FANCC
2246,LINC00476
2247,ERCC6L2
2248,SLC35D2
2249,ZNF782
2250,AL590705.1
2251,TDRD7
2252,NANS
2253,TRIM14
2254,CORO2A
2255,TBC1D2
2256,TGFBR1
2257,ALG2
2258,NR4A3
2259,INVS
2260,RNF20
2261,ABCA1
2262,AL591506.1
2263,FKTN
2264,LINC01505
2265,KLF4
2266,CTNNAL1
2267,PALM2-AKAP2
2268,ECPAS
2269,DNAJC25
2270,SUSD1
2271,KIAA1958
2272,INIP
2273,SNX30
2274,ZNF883
2275,SLC31A2
2276,SLC31A1
2277,CDC26
2278,PRPF4
2279,RGS3
2280,AKNA
2281,AL138895.1
2282,WHRN
2283,ASTN2
2284,TLR4
2285,CDK5RAP2
2286,MEGF9
2287,PSMD5
2288,TRAF1
2289,GSN
2290,STOM
2291,RBM18
2292,STRBP
2293,DENND1A
2294,AL390774.2
2295,PBX3
2296,ZBTB43
2297,ZBTB34
2298,RALGPS1
2299,ZNF79
2300,PTRH1
2301,TTC16
2302,TOR2A
2303,SH2D3C
2304,ENG
2305,SLC25A25
2306,PTGES2
2307,ZER1
2308,ENDOG
2309,SH3GLB2
2310,IER5L
2311,TOR1A
2312,ABL1
2313,NUP214
2314,AL157938.2
2315,AL157938.3
2316,UCK1
2317,RAPGEF1
2318,TTF1
2319,TSC1
2320,SLC2A6
2321,FCN1
2322,NACC2
2323,TMEM250
2324,PMPCA
2325,SEC16A
2326,NOTCH1
2327,AGPAT2
2328,LCN8
2329,CCDC183
2330,PHPT1
2331,TRAF2
2332,PTGDS
2333,CLIC3
2334,ABCA2
2335,BX255925.3
2336,DPH7
2337,DIP2C
2338,AL513303.1
2339,AKR1E2
2340,ANKRD16
2341,IL2RA
2342,PFKFB3
2343,SFMBT2
2344,KIN
2345,GATA3
2346,USP6NL
2347,DHTKD1
2348,SEC61A2
2349,NUDT5
2350,CDC123
2351,CAMK1D
2352,SEPHS1
2353,PRPF18
2354,AL157392.3
2355,NMT2
2356,MINDY3
2357,STAM
2358,AL450384.2
2359,NSUN6
2360,PLXDC2
2361,DNAJC1
2362,COMMD3
2363,OTUD1
2364,AL512603.2
2365,ARHGAP21
2366,PDSS1
2367,ANKRD26
2368,AL160291.1
2369,MPP7-DT
2370,MTPAP
2371,MAP3K8
2372,ZNF438
2373,ZEB1
2374,AL391839.1
2375,AL391839.3
2376,CCDC7
2377,ITGB1
2378,ZNF33B
2379,AL022345.4
2380,RASGEF1A
2381,AL353801.3
2382,RASSF4
2383,ZNF22
2384,ALOX5
2385,MARCH8
2386,AGAP4
2387,TIMM23
2388,NCOA4
2389,MAPK8
2390,ARHGAP22
2391,WDFY4
2392,AC060234.3
2393,PARG
2394,WASHC2A
2395,SGMS1
2396,CSTF2T
2397,AC010996.1
2398,UBE2D1
2399,ANK3
2400,ARID5B
2401,RTKN2
2402,REEP3
2403,CTNNA3
2404,SIRT1
2405,HERC4
2406,SLC25A16
2407,STOX1
2408,SRGN
2409,HK1
2410,LRRC20
2411,PRF1
2412,SGPL1
2413,PCBD1
2414,SLC29A3
2415,CDH23
2416,VSIR
2417,PSAP
2418,ASCC1
2419,DDIT4
2420,DNAJB12
2421,MCU
2422,P4HA1
2423,NUDT13
2424,FAM149B1
2425,DNAJC9
2426,CFAP70
2427,MSS51
2428,USP54
2429,CHCHD1
2430,NDST2
2431,ADK
2432,LRMDA
2433,DLG5
2434,ZMIZ1
2435,PPIF
2436,EIF5AL1
2437,AL603756.1
2438,NUTM2A-AS1
2439,RNLS
2440,FAS
2441,LIPA
2442,IFIT2
2443,IFIT3
2444,IFIT1
2445,KIF20B
2446,LINC01374
2447,CPEB3
2448,HHEX
2449,EXOC6
2450,TBC1D12
2451,HELLS
2452,PDLIM1
2453,SORBS1
2454,ENTPD1
2455,ENTPD1-AS1
2456,CCNJ
2457,ZNF518A
2458,PIK3AP1
2459,LCOR
2460,RRP12
2461,MMS19
2462,PYROXD2
2463,HPS1
2464,DNMBP
2465,CHUK
2466,CWF19L1
2467,OLMALINC
2468,SEC31B
2469,SLF2
2470,BTRC
2471,KCNIP2-AS1
2472,ARMH3
2473,HPS6
2474,ACTR1A
2475,SUFU
2476,ARL3
2477,AL358790.1
2478,CNNM2
2479,PCGF6
2480,PDCD11
2481,SORCS3
2482,XPNPEP1
2483,DUSP5
2484,PDCD4-AS1
2485,GPAM
2486,TCF7L2
2487,AL158212.2
2488,CASP7
2489,AL137025.1
2490,SLC18A2
2491,PRDX3
2492,GRK5
2493,BAG3
2494,INPP5F
2495,WDR11
2496,ATE1
2497,CHST15
2498,FAM53B
2499,ABRAXAS2
2500,ZRANB1
2501,CTBP2
2502,UROS
2503,FANK1
2504,ADAM12
2505,PTPRE
2506,GLRX3
2507,BNIP3
2508,INPP5A
2509,ZNF511
2510,FUOM
2511,SCART1
2512,AL731769.2
2513,SIRT3
2514,IFITM2
2515,AC136475.1
2516,IFITM3
2517,ANO9
2518,PTDSS2
2519,HRAS
2520,LMNTD2
2521,DEAF1
2522,EPS8L2
2523,TALDO1
2524,PIDD1
2525,TSPAN4
2526,CHID1
2527,MUC6
2528,TOLLIP
2529,MOB2
2530,IFITM10
2531,MRPL23
2532,C11orf21
2533,KCNQ1
2534,CDKN1C
2535,SLC22A18
2536,PHLDA2
2537,OSBPL5
2538,AC127526.2
2539,RRM1
2540,HBB
2541,TRIM5
2542,CNGA4
2543,APBB1
2544,TRIM3
2545,TIMM10B
2546,DNHD1
2547,TPP1
2548,MRPL17
2549,PPFIBP2
2550,DENND5A
2551,IPO7
2552,ZNF143
2553,WEE1
2554,SWAP70
2555,LINC02709
2556,SBF2-AS1
2557,SBF2
2558,AC011092.2
2559,ADM
2560,AMPD3
2561,MTRNR2L8
2562,RNF141
2563,CTR9
2564,AC116535.1
2565,ZBED5-AS1
2566,DKK3
2567,MICAL2
2568,RRAS2
2569,PDE3B
2570,IGSF22
2571,NAV2
2572,HTATIP2
2573,PRMT3
2574,AC006299.1
2575,LIN7C
2576,BDNF-AS
2577,KIF18A
2578,METTL15
2579,MPPED2
2580,DNAJC24
2581,IMMP1L
2582,ELP4
2583,AC131571.1
2584,QSER1
2585,LMO2
2586,ABTB2
2587,PDHX
2588,COMMD9
2589,C11orf74
2590,API5
2591,TTC17
2592,EXT2
2593,MAPK8IP1
2594,PHF21A
2595,AC127035.1
2596,HARBI1
2597,CKAP5
2598,C11orf49
2599,MADD
2600,SPI1
2601,AC090559.1
2602,PSMC3
2603,NDUFS3
2604,PTPRJ
2605,TMX2
2606,CTNND1
2607,AP001636.3
2608,FAM111A-DT
2609,FAM111A
2610,DTX4
2611,MPEG1
2612,AP000442.1
2613,STX3
2614,MS4A6A
2615,MS4A7
2616,MS4A1
2617,CCDC86
2618,PRPF19
2619,SLC15A3
2620,DDB1
2621,TKFC
2622,PPP1R32
2623,FEN1
2624,FADS2
2625,BEST1
2626,INCENP
2627,AHNAK
2628,AP001363.2
2629,CSKMT
2630,GNG3
2631,TTC9C
2632,POLR2G
2633,TMEM223
2634,AP001160.1
2635,PLAAT3
2636,ATL3
2637,TRPT1
2638,DNAJC4
2639,BAD
2640,GPR137
2641,ESRRA
2642,RPS6KA4
2643,PYGM
2644,MAP4K2
2645,MEN1
2646,EHD1
2647,ATG2A
2648,SNX15
2649,SAC3D1
2650,SYVN1
2651,FRMD8
2652,NEAT1
2653,ZNRD2
2654,EHBP1L1
2655,RELA-DT
2656,RNASEH2C
2657,AP5B1
2658,MUS81
2659,CTSW
2660,FOSL1
2661,EIF1AD
2662,PACS1
2663,RAB1B
2664,AP002748.4
2665,DPP3
2666,C11orf80
2667,TMEM134
2668,CDK2AP2
2669,GSTP1
2670,NUDT8
2671,AP002807.1
2672,CHKA
2673,C11orf24
2674,TESMIN
2675,AP002336.2
2676,DHCR7
2677,NADSYN1
2678,FAM86C1
2679,FOLR3
2680,INPPL1
2681,ARAP1
2682,AP002381.2
2683,ATG16L2
2684,FCHSD2
2685,RELT
2686,FAM168A
2687,AP000763.3
2688,RAB6A
2689,AP003717.1
2690,C2CD3
2691,PPME1
2692,KCNE3
2693,POLD3
2694,RNF169
2695,XRRA1
2696,UVRAG
2697,THAP12
2698,EMSY
2699,ACER3
2700,CAPN5
2701,AP002812.2
2702,NDUFC2
2703,KCTD21-AS1
2704,GAB2
2705,AP003086.1
2706,PRCP
2707,RAB30
2708,DLG2
2709,TMEM126A
2710,SYTL2
2711,PICALM
2712,PRSS23
2713,TMEM135
2714,CTSC
2715,DISC1FP1
2716,SMCO4
2717,C11orf54
2718,MRE11
2719,FUT4
2720,AP002383.2
2721,AP000787.1
2722,SESN3
2723,MTMR2
2724,MAML2
2725,ARHGAP42
2726,CEP126
2727,DYNC2H1
2728,AP002989.1
2729,PDGFD
2730,CASP1
2731,CARD16
2732,ACAT1
2733,EXPH5
2734,RDX
2735,FDX1
2736,LINC02550
2737,SIK2
2738,NKAPD1
2739,TIMM8B
2740,SDHD
2741,BCO2
2742,PLET1
2743,NCAM1
2744,ZW10
2745,ZBTB16
2746,CADM1
2747,BUD13
2748,SIK3
2749,PAFAH1B2
2750,SIDT2
2751,CEP164
2752,JAML
2753,AP002954.1
2754,AP004609.3
2755,CXCR5
2756,CCDC84
2757,VPS11
2758,MCAM
2759,RNF26
2760,ARHGEF12
2761,TBCEL
2762,AP001977.1
2763,UBASH3B
2764,AP002762.2
2765,CRTAM
2766,GRAMD1B
2767,CCDC15
2768,SLC37A2
2769,FEZ1
2770,EI24
2771,RPUSD4
2772,AP001318.2
2773,ST3GAL4
2774,LINC02725
2775,ARHGAP32
2776,TMEM45B
2777,NFRKB
2778,APLP2
2779,ST14
2780,SNX19
2781,JAM3
2782,ACAD8
2783,B3GAT1
2784,NINJ2
2785,AC021054.1
2786,ERC1
2787,FBXL14
2788,DCP1B
2789,FKBP4
2790,TEX52
2791,TULP3
2792,PARP11
2793,AC005842.1
2794,CCND2-AS1
2795,TIGAR
2796,DYRK4
2797,TNFRSF1A
2798,CD27-AS1
2799,MRPL51
2800,IFFO1
2801,LPCAT3
2802,CLSTN3
2803,PEX5
2804,SLC2A3
2805,C3AR1
2806,CLEC4A
2807,CLEC4E
2808,KLRG1
2809,AC006581.1
2810,LINC00612
2811,A2M-AS1
2812,A2M
2813,PZP
2814,KLRB1
2815,CLECL1
2816,CD69
2817,KLRF1
2818,CLEC12A
2819,CLEC7A
2820,OLR1
2821,KLRD1
2822,AC022075.1
2823,KLRK1
2824,KLRC4
2825,KLRC3
2826,KLRC2
2827,KLRC1
2828,LINC02446
2829,YBX3
2830,PRH1
2831,PRR4
2832,AC244131.2
2833,ETV6
2834,DUSP16
2835,AC008115.1
2836,APOLD1
2837,AC023790.2
2838,FAM234B
2839,EMP1
2840,ATF7IP
2841,PLBD1
2842,AC010168.1
2843,C12orf60
2844,ERP27
2845,PTPRO
2846,DERA
2847,MGST1
2848,PLEKHA5
2849,RECQL
2850,CMAS
2851,ST8SIA1
2852,AC053513.1
2853,C2CD5
2854,SOX5
2855,LRMP
2856,AC023510.1
2857,ITPR2
2858,INTS13
2859,MED21
2860,STK38L
2861,MRPS35
2862,KLHL42
2863,CCDC91
2864,AC024940.1
2865,DENND5B
2866,DENND5B-AS1
2867,AMN1
2868,LINC02422
2869,BICD1
2870,FGD4
2871,CPNE8
2872,ABCD2
2873,SLC2A13
2874,LRRK2
2875,GXYLT1
2876,YAF2
2877,TMEM117
2878,NELL2
2879,ANO6
2880,ARID2
2881,AC008014.1
2882,AC008035.1
2883,LINC02416
2884,LINC02156
2885,AC004241.3
2886,PFKM
2887,CACNB3
2888,RND1
2889,FKBP11
2890,PRKAG1
2891,AC011603.2
2892,FMNL3
2893,SMARCD1
2894,AC074032.1
2895,DIP2B
2896,ATF1
2897,METTL7A
2898,TFCP2
2899,POU6F1
2900,AC068987.2
2901,NR4A1
2902,AC068888.1
2903,ZNF740
2904,AAAS
2905,MAP3K12
2906,AC023509.6
2907,ZNF385A
2908,ITGA5
2909,RDH5
2910,CD63
2911,ORMDL2
2912,CDK2
2913,COQ10A
2914,AC073896.2
2915,PAN2
2916,IL23A
2917,RBMS2
2918,ZBTB39
2919,NEMP1
2920,LRP1
2921,AC025165.2
2922,TSPAN31
2923,CDK4
2924,MARCH9
2925,CTDSP2
2926,ATP23
2927,GIHCG
2928,TAFA2
2929,RXYLT1
2930,XPOT
2931,TBK1
2932,RASSF3
2933,GNS
2934,AC026124.2
2935,IRAK3
2936,GRIP1
2937,IFNG-AS1
2938,IFNG
2939,LINC02384
2940,LYZ
2941,AC020656.1
2942,YEATS4
2943,FRS2
2944,THAP2
2945,CAPS2
2946,GLIPR1
2947,AC121761.1
2948,PHLDA1
2949,ZDHHC17
2950,PAWR
2951,METTL25
2952,TMTC2
2953,SLC6A15
2954,CEP290
2955,DUSP6
2956,POC1B
2957,ATP2B1
2958,ATP2B1-AS1
2959,AC009522.1
2960,LINC02404
2961,LINC01619
2962,LINC02391
2963,SOCS2
2964,CRADD
2965,PLXNC1
2966,TMCC3
2967,TMPO
2968,IKBIP
2969,APAF1
2970,ANKS1B
2971,GAS2L3
2972,CHPT1
2973,GNPTAB
2974,DRAM1
2975,NUP37
2976,PARPBP
2977,HCFC2
2978,EID3
2979,CHST11
2980,SLC41A2
2981,C12orf45
2982,APPL2
2983,AC007541.1
2984,CRY1
2985,BTBD11
2986,PRDM4
2987,AC007622.2
2988,CORO1C
2989,SSH1
2990,USP30-AS1
2991,ACACB
2992,UBE3B
2993,MMAB
2994,GIT2
2995,ATP2A2
2996,HVCN1
2997,ATXN2
2998,BRAP
2999,ACAD10
3000,ALDH2
3001,MAPKAPK5-AS1
3002,OAS1
3003,OAS3
3004,OAS2
3005,MED13L
3006,MAP1LC3B2
3007,HRK
3008,FBXW8
3009,RFC5
3010,TAOK3
3011,BICDL1
3012,RAB35
3013,PXN-AS1
3014,GATC
3015,OASL
3016,P2RX4
3017,CAMKK2
3018,TMEM120B
3019,BCL7A
3020,CCDC62
3021,TMED2-DT
3022,ATP6V0A2
3023,CCDC92
3024,SLC15A4
3025,ULK1
3026,NOC4L
3027,POLE
3028,PXMP2
3029,PGAM5
3030,ANKLE2
3031,GOLGA3
3032,ZNF26
3033,ZNF268
3034,AL355001.1
3035,AL355001.2
3036,CRYL1
3037,IFT88
3038,LATS2
3039,ZDHHC20
3040,MICU2
3041,AL136962.1
3042,SACS
3043,MIPEP
3044,CENPJ
3045,RNF6
3046,CDK8
3047,USP12-AS1
3048,LNX2
3049,PAN3-AS1
3050,PAN3
3051,HSPH1
3052,FRY
3053,AL139383.1
3054,RFC3
3055,NBEA
3056,RFXAP
3057,NHLRC3
3058,LHFPL6
3059,COG6
3060,LINC00598
3061,MRPS31
3062,WBP4
3063,AL354696.2
3064,MTRF1
3065,VWA8
3066,LINC02341
3067,EPSTI1
3068,TSC22D1
3069,AL359706.1
3070,GPALPP1
3071,COG3
3072,CPB2-AS1
3073,RUBCNL
3074,SUCLA2
3075,RB1-DT
3076,RCBTB2
3077,CYSLTR2
3078,CDADC1
3079,DLEU1
3080,WDFY2
3081,ALG11
3082,TDRD3
3083,PCDH9
3084,PCDH9-AS2
3085,BORA
3086,DIS3
3087,PIBF1
3088,KLF12
3089,AL353660.1
3090,LMO7
3091,KCTD12
3092,CLN5
3093,MYCBP2-AS1
3094,NDFIP2
3095,GPC5
3096,ABCC4
3097,DNAJC3-DT
3098,PCCA
3099,GGACT
3100,TNFSF13B
3101,AL162497.1
3102,RAB20
3103,NAXD
3104,ING1
3105,TUBGCP3
3106,AL139384.1
3107,ATP11A
3108,PCID2
3109,TMCO3
3110,RASA3
3111,OR11G2
3112,TEP1
3113,PNP
3114,RNASE6
3115,RNASE2
3116,ARHGEF40
3117,LINC00641
3118,TRDC
3119,SLC7A7
3120,PRMT5-AS1
3121,HAUS4
3122,PPP1R3E
3123,DHRS4L2
3124,RNF31
3125,MDP1
3126,RABGGTA
3127,DHRS1
3128,NOP9
3129,CIDEB
3130,GZMH
3131,GZMB
3132,SCFD1
3133,HEATR5A
3134,AL163973.2
3135,AKAP6
3136,SPTSSA
3137,SNX6
3138,NFKBIA
3139,BRMS1L
3140,MBIP
3141,AL392023.2
3142,GEMIN2
3143,TRAPPC6B
3144,LINC02315
3145,C14orf28
3146,AL139099.1
3147,POLE2
3148,KLHDC1
3149,AL627171.2
3150,LINC01588
3151,PYGL
3152,GNG2
3153,PTGDR
3154,PTGER2
3155,TXNDC16
3156,GPR137C
3157,AL133453.1
3158,AL365295.1
3159,LGALS3
3160,AL158801.2
3161,FBXO34
3162,ATG14
3163,PELI2
3164,TMEM260
3165,EXOC5
3166,ARMH4
3167,AL139021.1
3168,LINC01500
3169,DAAM1
3170,JKAMP
3171,AL157911.1
3172,PCNX4
3173,SLC38A6
3174,PRKCH
3175,AL359220.1
3176,LINC01303
3177,AL355916.1
3178,HIF1A
3179,HIF1A-AS3
3180,WDR89
3181,SGPP1
3182,SYNE2
3183,ESR2
3184,AL122035.1
3185,AL049869.3
3186,AL355076.2
3187,FUT8
3188,AL359232.1
3189,GPHN
3190,AL049779.4
3191,RDH11
3192,ZFYVE26
3193,RAD51B
3194,SLC39A9
3195,SUSD6
3196,SLC10A1
3197,AL357153.2
3198,AL357153.1
3199,MAP3K9
3200,SIPA1L1
3201,ZFYVE1
3202,NUMB
3203,RIOX1
3204,AC005225.2
3205,PTGR2
3206,AC005480.1
3207,FAM161B
3208,COQ6
3209,ALDH6A1
3210,LIN52
3211,ABCD4
3212,NPC2
3213,ISCA2
3214,AREL1
3215,FCF1
3216,MLH3
3217,ACYP1
3218,FOS
3219,LINC01220
3220,JDP2
3221,BATF
3222,IFT43
3223,TGFB3
3224,IRF2BPL
3225,TMED8
3226,AHSA1
3227,CEP128
3228,AL136040.2
3229,SEL1L
3230,LINC02328
3231,LINC02316
3232,GALC
3233,LINC01146
3234,AL357093.2
3235,EFCAB11
3236,NRDE2
3237,AL135818.1
3238,AL121839.2
3239,ATXN3
3240,RIN3
3241,GOLGA5
3242,ITPK1
3243,GON7
3244,BTBD7
3245,UNC79
3246,SERPINA1
3247,CLMN
3248,SNHG10
3249,TCL1A
3250,LINC02325
3251,LINC01550
3252,AL163932.1
3253,BCL11B
3254,SETD3
3255,CCDC85C
3256,DEGS2
3257,AL133523.1
3258,AL157871.4
3259,WARS
3260,AL137779.2
3261,WDR20
3262,ZNF839
3263,RCOR1
3264,TRAF3
3265,TNFAIP2
3266,CKB
3267,PPP1R13B
3268,INF2
3269,CDCA4
3270,TEX22
3271,CRIP2
3272,CRIP1
3273,IGHE
3274,IGHA1
3275,IGHG3
3276,IGHD
3277,IGHM
3278,FAM30A
3279,CYFIP1
3280,ATP10A
3281,APBA2
3282,ARHGAP11B
3283,FAN1
3284,MTMR10
3285,FMN1
3286,AVEN
3287,CHRM5
3288,EMC7
3289,PGBD4
3290,KATNBL1
3291,AC021231.1
3292,DPH6
3293,SPRED1
3294,LINC02694
3295,AC013652.1
3296,THBS1
3297,EIF2AK4
3298,PLCB2
3299,VPS18
3300,AC020661.3
3301,CHP1
3302,OIP5-AS1
3303,MAPKBP1
3304,TMEM87A
3305,GANC
3306,AC018362.1
3307,LRRC57
3308,HAUS2
3309,STARD9
3310,TTBK2
3311,TMEM62
3312,PPIP5K1
3313,MFAP1
3314,FRMD5
3315,CASC4
3316,EIF3J-DT
3317,TRIM69
3318,SORD
3319,DUOX1
3320,SHF
3321,C15orf48
3322,SLC30A4
3323,SQOR
3324,MYEF2
3325,CEP152
3326,SECISBP2L
3327,ATP8B4
3328,GABPB1
3329,TRPM7
3330,DMXL2
3331,TMOD2
3332,LEO1
3333,MAPK6-DT
3334,AC023906.4
3335,CERNA1
3336,MYO5A
3337,FAM214A
3338,PIGB
3339,TEX9
3340,TCF12
3341,LINC00926
3342,ALDH1A2
3343,AQP9
3344,ADAM10
3345,MYO1E
3346,ANXA2
3347,ICE2
3348,RORA-AS1
3349,RORA
3350,LACTB
3351,APH1B
3352,USP3-AS1
3353,HERC1
3354,DAPK2
3355,SNX22
3356,CSNK1G1
3357,TRIP4
3358,ZNF609
3359,OAZ2
3360,ANKDD1A
3361,AC103691.1
3362,MTFMT
3363,CLPX
3364,PARP16
3365,HACD3
3366,ZWILCH
3367,AAGAB
3368,IQCH
3369,MAP2K5
3370,AC009292.2
3371,CALML4
3372,DRAIC
3373,TLE3
3374,UACA
3375,MYO9A
3376,PARP6
3377,AC009690.2
3378,TMEM202-AS1
3379,BBS4
3380,ARID3B
3381,CLK3
3382,PPCDC
3383,C15orf39
3384,NEIL1
3385,MAN2C1
3386,PTPN9
3387,SCAPER
3388,PSTPIP1
3389,TSPAN3
3390,HMG20A
3391,LINGO1
3392,TBC1D2B
3393,DNAJA4
3394,CTSH
3395,MTHFS
3396,BCL2A1
3397,TLNRD1
3398,AC104041.1
3399,EFL1
3400,HOMER2
3401,AC012291.3
3402,PDE8A
3403,AC087286.2
3404,ABHD2
3405,FANCI
3406,ANPEP
3407,ZNF710
3408,CRTC3-AS1
3409,BLM
3410,MAN2A2
3411,HDDC3
3412,PRC1
3413,MCTP2
3414,AC009432.2
3415,ARRDC4
3416,IGF1R
3417,MEF2A
3418,AC090825.1
3419,ADAMTS17
3420,LINS1
3421,ASB7
3422,CHSY1
3423,SNRNP25
3424,HBA2
3425,FAM234A
3426,RAB11FIP3
3427,PIGQ
3428,RAB40C
3429,ANTKMT
3430,CIAO3
3431,CHTF18
3432,AL031714.1
3433,CLCN7
3434,IFT140
3435,CRAMP1
3436,JPT2
3437,EME2
3438,MSRB1
3439,SNHG9
3440,ZNF598
3441,NTHL1
3442,RAB26
3443,TRAF7
3444,E4F1
3445,ECI1
3446,CCNF
3447,TBC1D24
3448,PDPK1
3449,KCTD5
3450,PRSS21
3451,FLYWCH2
3452,FLYWCH1
3453,TNFRSF12A
3454,THOC6
3455,ZNF213-AS1
3456,ZNF200
3457,MEFV
3458,ZNF75A
3459,NLRC3
3460,DNASE1
3461,TFAP4
3462,PAM16
3463,CORO7
3464,NMRAL1
3465,NAGPA
3466,ABAT
3467,CIITA
3468,DEXI
3469,CLEC16A
3470,RMI2
3471,AC099489.1
3472,LITAF
3473,SNN
3474,AC007216.4
3475,AC007216.2
3476,SNX29
3477,CPPED1
3478,ERCC4
3479,MRTFB
3480,BMERB1
3481,MYH11
3482,XYLT1
3483,AC099518.4
3484,GDE1
3485,VPS35L
3486,ACSM3
3487,AC005632.3
3488,IGSF6
3489,SDR42E2
3490,EEF2K
3491,GGA2
3492,PRKCB
3493,AC008731.1
3494,LCMT1-AS1
3495,ZKSCAN2-DT
3496,IL21R
3497,SH2B1
3498,RABEP2
3499,AC009093.2
3500,BOLA2
3501,NPIPB12
3502,HIRIP3
3503,INO80E
3504,ALDOA
3505,PPP4C
3506,BOLA2B
3507,ZNF48
3508,DCTPP1
3509,ITGAL
3510,ZNF689
3511,SRCAP
3512,ORAI3
3513,STX4
3514,ZNF646
3515,ITGAM
3516,ITGAX
3517,ORC6
3518,NETO2
3519,ITFG1
3520,AC007533.1
3521,N4BP1
3522,AC026470.2
3523,CNEP1R1
3524,TENT4B
3525,NOD2
3526,AC007728.2
3527,HNRNPA1P48
3528,AKTIP
3529,AC092140.1
3530,BBS2
3531,MT2A
3532,AC026461.3
3533,NUP93
3534,COQ9
3535,ADGRG5
3536,ADGRG1
3537,KATNB1
3538,KIFC3
3539,TK2
3540,CMTM1
3541,CMTM3
3542,AC018557.1
3543,AC018557.3
3544,FBXL8
3545,TPPP3
3546,ATP6V0D1
3547,ACD
3548,CENPT
3549,THAP11
3550,EDC4
3551,PSMB10
3552,PLA2G15
3553,ZFP90
3554,TANGO6
3555,SNTB2
3556,NIP7
3557,NOB1
3558,CMTR2
3559,PHLPP2
3560,TXNL4B
3561,LINC01572
3562,ZFHX3
3563,AC138627.1
3564,AC009120.2
3565,TMEM170A
3566,KARS
3567,CNTNAP4
3568,SYCE1L
3569,WWOX
3570,AC046158.1
3571,MAF
3572,DYNLRB2
3573,CDYL2
3574,CMIP
3575,HSBP1
3576,COTL1
3577,ZDHHC7
3578,KIAA0513
3579,GSE1
3580,C16orf74
3581,IRF8
3582,MTHFSD
3583,FBXO31
3584,AC010531.3
3585,ZCCHC14
3586,KLHDC4
3587,SLC7A5
3588,ZFPM1
3589,MVD
3590,GALNS
3591,AC092120.3
3592,ZNF276
3593,SPIRE2
3594,DEF8
3595,DBNDD1
3596,RPH3AL
3597,VPS53
3598,AC015853.3
3599,NXN
3600,ABR
3601,YWHAE
3602,PITPNA
3603,SLC43A2
3604,TLCD2
3605,MIR22HG
3606,WDR81
3607,SERPINF1
3608,SMYD4
3609,SMG6
3610,RAP1GAP2
3611,P2RX5
3612,P2RX1
3613,ANKFY1
3614,SPNS3
3615,AC127521.1
3616,MYBBP1A
3617,PELP1
3618,MINK1
3619,RNF167
3620,CAMTA2
3621,ZNF232
3622,AC087500.1
3623,RPAIN
3624,DHX33
3625,NLRP1
3626,TXNDC17
3627,ALOX12-AS1
3628,CLEC10A
3629,ASGR2
3630,ASGR1
3631,DVL2
3632,CLDN7
3633,NEURL4
3634,TNFSF13
3635,CD68
3636,SHBG
3637,PFAS
3638,RANGRF
3639,KRBA2
3640,PIK3R5
3641,AC002091.1
3642,STX8
3643,AC005695.2
3644,GAS7
3645,SCO1
3646,TMEM220
3647,ARHGAP44
3648,CDRT4
3649,TVP23C
3650,AC093484.2
3651,LRRC75A
3652,MPRIP
3653,FLCN
3654,MED9
3655,RASD1
3656,SREBF1
3657,TOM1L2
3658,ATPAF2
3659,DRG2
3660,FLII
3661,PRPSAP2
3662,MAPK7
3663,AC004448.2
3664,ULK2
3665,AKAP10
3666,DHRS7B
3667,MAP2K3
3668,KSR1
3669,NLK
3670,TMEM199
3671,PIGS
3672,AC005726.5
3673,SDF2
3674,TRAF4
3675,FAM222B
3676,PIPOX
3677,MYO18A
3678,TAOK1
3679,ABHD15
3680,ABHD15-AS1
3681,TP53I13
3682,GIT1
3683,SSH2
3684,AC104984.3
3685,CPD
3686,AC005562.1
3687,ADAP2
3688,RNF135
3689,NF1
3690,RAB11FIP4
3691,COPRS
3692,UTP6
3693,AC116407.2
3694,RHOT1
3695,MYO1D
3696,AC022916.1
3697,SLFN11
3698,PEX12
3699,AC015849.3
3700,AC015849.1
3701,CCL5
3702,AC243829.4
3703,CCL3
3704,CCL4
3705,AC243829.2
3706,CCL3L1
3707,CCL4L2
3708,DHRS11
3709,ACACA
3710,CISD3
3711,PSMB3
3712,LASP1
3713,PLXDC1
3714,CDK12
3715,PGAP3
3716,ERBB2
3717,MIEN1
3718,MED24
3719,CASC3
3720,RAPGEFL1
3721,TOP2A
3722,NT5C3B
3723,TTC25
3724,STAT5A
3725,ATP6V0A1
3726,COASY
3727,MLX
3728,PSMC3IP
3729,TUBG2
3730,IFI35
3731,TMEM101
3732,ASB16-AS1
3733,AC003102.1
3734,GRN
3735,CCDC43
3736,DCAKD
3737,HEXIM2
3738,ARHGAP27
3739,ARL17A
3740,GOSR2
3741,AC005670.3
3742,AC002558.3
3743,AC002558.2
3744,AC040934.1
3745,AC025682.1
3746,TBX21
3747,MRPL10
3748,CDK5RAP3
3749,NFE2L1
3750,CBX1
3751,SKAP1-AS1
3752,THRA1/BTR
3753,HOXB2
3754,GNGT2
3755,ABI3
3756,SLC35B1
3757,TAC4
3758,PDK2
3759,COL1A1
3760,MRPL27
3761,LRRC59
3762,ACSF2
3763,RSAD1
3764,SPATA20
3765,AC005920.2
3766,MBTD1
3767,AC006141.1
3768,STXBP4
3769,COIL
3770,SCPEP1
3771,DYNLL2
3772,TSPOAP1
3773,TSPOAP1-AS1
3774,AC004687.1
3775,SUPT4H1
3776,RNF43
3777,TEX14
3778,SKA2
3779,CLTC
3780,PTRH2
3781,VMP1
3782,TUBD1
3783,USP32
3784,PPM1D
3785,BCAS3
3786,AC005884.1
3787,NACA2
3788,BRIP1
3789,TANC2
3790,CYB561
3791,DCAF7
3792,STRADA
3793,SMARCD2
3794,CD79B
3795,ERN1
3796,SNHG25
3797,PECAM1
3798,MILR1
3799,POLG2
3800,CEP112
3801,PRKCA
3802,PRKCA-AS1
3803,AC007448.4
3804,PITPNC1
3805,ARSG
3806,SLC16A6
3807,WIPI1
3808,ABCA5
3809,MAP2K6
3810,LINC01483
3811,SLC39A11
3812,COG1
3813,SDK2
3814,CD300A
3815,CD300LB
3816,CD300C
3817,CD300E
3818,RAB37
3819,SLC9A3R1
3820,NAT9
3821,GRIN2C
3822,MRPL58
3823,KCTD2
3824,ARMC7
3825,MRPS7
3826,AC011933.4
3827,LLGL2
3828,MYO15B
3829,RECQL5
3830,GALK1
3831,TRIM65
3832,FBF1
3833,RNF157
3834,RHBDF2
3835,MFSD11
3836,AC016168.2
3837,C17orf99
3838,SYNGR2
3839,PGS1
3840,TIMP2
3841,LGALS3BP
3842,SGSH
3843,AC124319.1
3844,ENDOV
3845,AATK
3846,NPLOC4
3847,OXLD1
3848,ARL16
3849,HGS
3850,AC139530.1
3851,PCYT2
3852,SLC16A3
3853,FN3KRP
3854,METRNL
3855,YES1
3856,AP000829.1
3857,NDC80
3858,SMCHD1
3859,AP001011.1
3860,EMILIN2
3861,AP000919.2
3862,AP005329.1
3863,DLGAP1
3864,LINC00667
3865,ZBTB14
3866,EPB41L3
3867,AP001021.3
3868,L3MBTL4
3869,PTPRM
3870,RAB12
3871,TWSG1
3872,RALBP1
3873,PPP4R1
3874,RAB31
3875,NAPG
3876,TUBB6
3877,SPIRE1
3878,CEP76
3879,AP005482.1
3880,CEP192
3881,LDLRAD4
3882,FAM210A
3883,ABHD3
3884,MIB1
3885,RMC1
3886,NPC1
3887,TTC39C-AS1
3888,IMPACT
3889,TAF4B
3890,AQP4-AS1
3891,B4GALT6
3892,AC009831.1
3893,RNF125
3894,C18orf21
3895,SLC39A6
3896,KIAA1328
3897,LINC00907
3898,SETBP1
3899,SLC14A1
3900,EPG5
3901,PSTPIP2
3902,HAUS1
3903,C18orf25
3904,RNF165
3905,CTIF
3906,SNHG22
3907,MBD1
3908,CXXC1
3909,RAB27B
3910,TCF4
3911,WDR7
3912,AC027097.2
3913,ATP8B1
3914,NEDD4L
3915,PMAIP1
3916,RELCH
3917,PHLPP1
3918,BCL2
3919,SERPINB2
3920,DOK6
3921,CD226
3922,RTTN
3923,NETO1
3924,ZNF407
3925,ZNF516
3926,C18orf65
3927,ZNF236
3928,CTDP1
3929,CFD
3930,MED16
3931,ARID3A
3932,TMEM259
3933,ABCA7
3934,PWWP3A
3935,MBD3
3936,REXO1
3937,BTBD2
3938,AC005306.1
3939,IZUMO4
3940,DOT1L
3941,AC104530.1
3942,GNG7
3943,DIRAS1
3944,SLC39A3
3945,MFSD12
3946,AC005786.3
3947,APBA3
3948,MATK
3949,PIAS4
3950,CHAF1A
3951,UBXN6
3952,AC011498.1
3953,HDGFL2
3954,TICAM1
3955,ARRDC5
3956,DUS3L
3957,RFX2
3958,AC011444.3
3959,TNFSF9
3960,CD70
3961,ZNF557
3962,INSR
3963,ZNF358
3964,RETN
3965,MCEMP1
3966,TRAPPC5
3967,FCER2
3968,ELAVL1
3969,CERS4
3970,AC022146.2
3971,KANK3
3972,MARCH2
3973,PRAM1
3974,MYO1F
3975,ZNF699
3976,ZNF561
3977,PDE4A
3978,S1PR5
3979,ATG4D
3980,QTRT1
3981,TMED1
3982,C19orf38
3983,AC011472.2
3984,RAB3D
3985,TMEM205
3986,ECSIT
3987,ZNF627
3988,ZNF69
3989,ZNF844
3990,ZNF442
3991,ZNF490
3992,MAN2B1
3993,TNPO2
3994,RNASEH2A
3995,DNASE2
3996,GCDH
3997,AC092069.1
3998,NACC1
3999,MRI1
4000,AC020916.1
4001,C19orf57
4002,ADGRL1
4003,ADGRE5
4004,AC008569.1
4005,ZNF333
4006,ADGRE2
4007,ILVBL
4008,RAB8A
4009,HSH2D
4010,EPS15L1
4011,MED26
4012,SMIM7
4013,AC020908.1
4014,MYO9B
4015,AC020908.3
4016,OCEL1
4017,USHBP1
4018,BABAM1
4019,ABHD8
4020,GTPBP3
4021,BISPR
4022,AC010618.3
4023,NIBAN3
4024,COLGALT1
4025,MAP1S
4026,IFI30
4027,LRRC25
4028,AC005387.2
4029,AC005253.1
4030,HOMER3
4031,NR2C2AP
4032,SUGP1
4033,PBX4
4034,LPAR2
4035,ATP13A1
4036,ZNF85
4037,ZNF738
4038,ZNF493
4039,ZNF208
4040,ZNF257
4041,LINC00662
4042,PLEKHF1
4043,C19orf12
4044,DPY19L3
4045,ANKRD27
4046,GPATCH1
4047,WDR88
4048,PEPD
4049,SCGB2B2
4050,AC008555.2
4051,CD22
4052,FFAR2
4053,PROSER3
4054,TYROBP
4055,ZFP14
4056,ZFP82
4057,ZNF260
4058,ZNF382
4059,ZNF461
4060,ZNF345
4061,ZNF585A
4062,ZNF585B
4063,ZNF383
4064,AC016590.1
4065,ZNF569
4066,ZNF571
4067,ZFP30
4068,SIPA1L3
4069,SPINT2
4070,FAM98C
4071,ACTN4
4072,PAK4
4073,AC011445.2
4074,MED29
4075,PLEKHG2
4076,FCGBP
4077,PSMC4
4078,ZNF546
4079,MAP3K10
4080,AKT2
4081,C19orf47
4082,SERTAD3
4083,BLVRB
4084,NUMBL
4085,RAB4B
4086,TGFB1
4087,AC011462.5
4088,CCDC97
4089,BCKDHA
4090,CD79A
4091,POU2F2
4092,DEDD2
4093,CIC
4094,PAFAH1B3
4095,IRGQ
4096,ZNF428
4097,PLAUR
4098,SMG9
4099,KCNN4
4100,ZNF226
4101,ZNF235
4102,ZNF180
4103,BCL3
4104,NECTIN2
4105,TOMM40
4106,CLPTM1
4107,TRAPPC6A
4108,EML2
4109,EML2-AS1
4110,GIPR
4111,PTGIR
4112,FKRP
4113,SLC1A5
4114,AP2S1
4115,ARHGAP35
4116,CCDC9
4117,C5AR1
4118,DHX34
4119,ZNF541
4120,BICRA-AS1
4121,CYTH2
4122,RASIP1
4123,TULP2
4124,NUCB1
4125,C19orf73
4126,CD37
4127,PIH1D1
4128,ALDH16A1
4129,FCGRT
4130,RCN3
4131,PRRG2
4132,RRAS
4133,BCL2L12
4134,FUZ
4135,MED25
4136,AKT1S1
4137,IL4I1
4138,ATF5
4139,ZNF473
4140,MYBPC2
4141,SIGLEC9
4142,SIGLEC7
4143,NKG7
4144,LIM2
4145,FPR1
4146,ZNF350-AS1
4147,ZNF841
4148,ZNF836
4149,ZNF880
4150,ZNF808
4151,ZNF701
4152,ZNF611
4153,ZNF28
4154,AC022137.4
4155,ZNF813
4156,ZNF331
4157,AC008440.1
4158,PRKCG
4159,OSCAR
4160,CNOT3
4161,LILRB3
4162,LILRA6
4163,LILRA5
4164,LENG8
4165,LAIR2
4166,LILRA2
4167,LILRA1
4168,LILRB1
4169,KIR2DL1
4170,KIR3DL1
4171,FCAR
4172,NCR1
4173,AC011476.3
4174,GP6
4175,PPP1R12C
4176,SYT5
4177,NAT14
4178,FIZ1
4179,ZNF581
4180,ZNF787
4181,ZSCAN5A
4182,ZNF264
4183,ZNF419
4184,ZNF773
4185,ZNF134
4186,ZNF154
4187,ZNF671
4188,ZNF814
4189,AC010642.2
4190,ZNF497
4191,ZNF584
4192,AC012313.1
4193,ZNF324B
4194,MZF1-AS1
4195,CSNK2A1
4196,NSFL1C
4197,SIRPB2
4198,SIRPA
4199,TGM3
4200,PCED1A
4201,OXT
4202,UBOX5-AS1
4203,LZTS3
4204,C20orf194
4205,ATRN
4206,AP5S1
4207,MAVS
4208,RNF24
4209,PRNP
4210,RASSF2
4211,PCNA
4212,AL109935.1
4213,GPCPD1
4214,SHLD1
4215,MCM8
4216,CRLS1
4217,PLCB1
4218,SNAP25-AS1
4219,SLX4IP
4220,TASP1
4221,KIF16B
4222,SNX5
4223,MGME1
4224,KAT14
4225,ZNF133
4226,POLR3F
4227,RBBP9
4228,LINC00653
4229,RIN2
4230,NAA20
4231,CRNKL1
4232,KIZ
4233,AL117332.1
4234,NAPB
4235,CST3
4236,CST7
4237,APMAP
4238,PYGB
4239,ABHD12
4240,AL390198.1
4241,ID1
4242,AL117381.1
4243,PDRG1
4244,HCK
4245,TM9SF4
4246,POFUT1
4247,NOL4L
4248,AL035071.2
4249,AL035071.1
4250,AL031668.1
4251,ITCH
4252,MAP1LC3A
4253,PIGU
4254,NCOA6
4255,GSS
4256,EDEM2
4257,PROCR
4258,MMP24
4259,UQCC1
4260,ERGIC3
4261,RBM12
4262,NFS1
4263,AAR2
4264,DLGAP4
4265,SLA2
4266,NDRG3
4267,DSN1
4268,SAMHD1
4269,MROH8
4270,MANBAL
4271,SRC
4272,CTNNBL1
4273,ACTR5
4274,PPP1R16B
4275,MAFB
4276,PLCG1
4277,ZHX3
4278,IFT52
4279,OSER1-DT
4280,PKIG
4281,TP53TG5
4282,DBNDD2
4283,DNTTIP1
4284,ZNF335
4285,MMP9
4286,CD40
4287,TP53RK
4288,NCOA3
4289,SULF2
4290,ARFGEF2
4291,B4GALT5
4292,CEBPB
4293,SMIM25
4294,PARD6B
4295,NFATC2
4296,LINC01524
4297,TSHZ2
4298,AL391097.2
4299,AL109930.1
4300,CASS4
4301,GCNT7
4302,NPEPL1
4303,CTSZ
4304,MIR646HG
4305,LSM14B
4306,SS18L1
4307,OSBPL2
4308,ADRM1
4309,MRGBP
4310,AL117379.1
4311,YTHDF1
4312,HELZ2
4313,DNAJC5
4314,GATD3B
4315,FP565260.1
4316,AP001347.1
4317,HSPA13
4318,SAMSN1
4319,LINC02246
4320,AF127577.2
4321,USP25
4322,MIR99AHG
4323,CXADR
4324,C21orf91-OT1
4325,C21orf91
4326,CHODL
4327,LINC01684
4328,MIR155HG
4329,AF165147.1
4330,N6AMT1
4331,RWDD2B
4332,GRIK1
4333,TIAM1
4334,CFAP298
4335,SYNJ1
4336,C21orf62-AS1
4337,IL10RB
4338,IFNGR2
4339,GART
4340,CRYZL1
4341,MRPS6
4342,AP000317.1
4343,RUNX1
4344,AP000331.1
4345,CBR3
4346,DOP1B
4347,HLCS
4348,VPS26C
4349,AP001437.1
4350,KCNJ15
4351,ETS2
4352,PSMG1
4353,GET1
4354,C2CD2
4355,ZNF295-AS1
4356,PDE9A
4357,WDR4
4358,PKNOX1
4359,SIK1
4360,RRP1B
4361,CSTB
4362,AGPAT3
4363,PTTG1IP
4364,FAM207A
4365,COL18A1
4366,PCBP3
4367,COL6A2
4368,PCNT
4369,S100B
4370,ADA2
4371,BID
4372,MICAL3
4373,USP18
4374,DGCR6
4375,ESS2
4376,C22orf39
4377,MRPL40
4378,GNB1L
4379,TANGO2
4380,SNAP29
4381,LINC01637
4382,YPEL1
4383,PPM1F
4384,AC245452.1
4385,AC245060.5
4386,ZNF280B
4387,IGLC1
4388,IGLC2
4389,IGLC3
4390,BCR
4391,RGL4
4392,ZNF70
4393,VPREB3
4394,SMARCB1
4395,SPECC1L
4396,ADORA2A-AS1
4397,GUCD1
4398,KIAA1671
4399,AL022323.4
4400,GRK3
4401,MIAT
4402,LINC01422
4403,TTC28
4404,ZNRF3
4405,MTMR3
4406,OSM
4407,TBC1D10A
4408,AC004832.6
4409,OSBP2
4410,MORC2-AS1
4411,LIMK2
4412,PISD
4413,DEPDC5
4414,YWHAH
4415,SYN3
4416,LARGE1
4417,HMOX1
4418,APOL1
4419,NCF4
4420,CSF2RB
4421,IL2RB
4422,CYTH4
4423,LGALS2
4424,LGALS1
4425,H1F0
4426,PLA2G6
4427,MAFF
4428,TMEM184B
4429,CBX6
4430,APOBEC3G
4431,AL031846.2
4432,SYNGR1
4433,TAB1
4434,MIEF1
4435,ADSL
4436,SGSM3
4437,SLC25A17
4438,XPNPEP3
4439,L3MBTL2
4440,PMM1
4441,CCDC134
4442,TNFRSF13C
4443,WBP2NL
4444,NAGA
4445,NDUFA6-DT
4446,CYP2D6
4447,AC254562.3
4448,TCF20
4449,PACSIN2
4450,TSPO
4451,SAMM50
4452,PARVB
4453,PRR5
4454,ARHGAP8
4455,NUP50-DT
4456,KIAA0930
4457,Z95331.1
4458,ATXN10
4459,PPARA
4460,TTC38
4461,TBC1D22A
4462,C22orf34
4463,ZBED4
4464,CRELD2
4465,PIM3
4466,MLC1
4467,AL022328.3
4468,AL022328.4
4469,SELENOO
4470,PLXNB2
4471,SBF1
4472,LMF2
4473,NCAPH2
4474,SCO2
4475,TYMP
4476,CHKB-DT
4477,ARSA
4478,PLCXD1
4479,LINC00685
4480,PPP2R3B
4481,CSF2RA
4482,IL3RA
4483,P2RY8
4484,AL683807.1
4485,DHRSX
4486,PRKX
4487,PRKX-AS1
4488,PUDP
4489,AC079142.1
4490,WWC3
4491,CLCN4
4492,AC073529.1
4493,HCCS
4494,PRPS2
4495,RAB9A
4496,MOSPD2
4497,AP1S2
4498,PHKA2
4499,RPS6KA3
4500,AL807742.1
4501,PHEX
4502,PRDX4
4503,SAT1
4504,KLHL15
4505,POLA1
4506,CXorf21
4507,GK
4508,CYBB
4509,RPGR
4510,MID1IP1
4511,AC108879.1
4512,BCOR
4513,ATP6AP2
4514,Z93403.1
4515,MIR222HG
4516,KRBOX4
4517,CHST7
4518,SLC9A7
4519,RP2
4520,JADE3
4521,RBM10
4522,LINC01560
4523,TIMP1
4524,CFP
4525,ZNF81
4526,ZNF182
4527,EBP
4528,TBC1D25
4529,TIMM17B
4530,CCDC120
4531,GPKOW
4532,PLP2
4533,CACNA1F
4534,PPP1R3F
4535,LINC01284
4536,AC233976.1
4537,MAGED1
4538,IQSEC2
4539,SMC1A
4540,HSD17B10
4541,MAGED2
4542,USP51
4543,AL050309.1
4544,SPIN2B
4545,FAAH2
4546,LINC01278
4547,MTMR8
4548,ZC4H2
4549,ZC3H12B
4550,LAS1L
4551,AL034397.3
4552,OPHN1
4553,YIPF6
4554,EDA
4555,SNX12
4556,NHSL2
4557,HDAC8
4558,NAP1L2
4559,FTX
4560,NEXMIF
4561,ZDHHC15
4562,CYSLTR1
4563,BRWD3
4564,HMGN5
4565,HDX
4566,CHM
4567,DACH2
4568,DIAPH2
4569,TIMM8A
4570,BTK
4571,ARMCX4
4572,ARMCX5-GPRASP2
4573,AL035427.1
4574,BEX1
4575,TCEAL4
4576,MORF4L2-AS1
4577,TMSB15B-AS1
4578,SLC25A53
4579,RADX
4580,FRMPD3
4581,ATG4A
4582,ACSL4
4583,TMEM164
4584,ALG13-AS1
4585,XACT
4586,DOCK11
4587,IL13RA1
4588,LONRF3
4589,PGRMC1
4590,RHOXF1-AS1
4591,LAMP2
4592,CUL4B
4593,MCTS1
4594,C1GALT1C1
4595,AL121601.1
4596,SH2D1A
4597,TENM1
4598,AL008633.1
4599,AL022162.1
4600,SASH3
4601,BCORL1
4602,ELF4
4603,AIFM1
4604,ENOX2
4605,IGSF1
4606,RAP2C-AS1
4607,MBNL3
4608,GPC3
4609,PHF6
4610,RTL8A
4611,ZNF75D
4612,SLC9A6
4613,HTATSF1
4614,LINC00892
4615,CD40LG
4616,MCF2
4617,ATP11C
4618,SPANXA2-OT1
4619,AFF2
4620,AC244197.2
4621,LINC00894
4622,NAA10
4623,TMEM187
4624,IRAK1
4625,TKTL1
4626,FLNA
4627,AC244090.1
4628,ATP6AP1
4629,GDI1
4630,PLXNA3
4631,IKBKG
4632,GAB3
4633,FUNDC2
4634,BRCC3
4635,TMLHE-AS1
4636,VAMP7
4637,ZFY
4638,LINC00278
4639,NLGN4Y
4640,TTTY14
4641,KDM5D
4642,TTTY10
